{
    "eval_loss": 1.5090748071670532,
    "eval_model_preparation_time": 0.0016,
    "eval_runtime": 38.5965,
    "eval_samples": 275,
    "eval_samples_per_second": 7.125,
    "eval_steps_per_second": 7.125,
    "perplexity": 4.522544632228859
}