Model,Avg_SelfPPL,Avg_CondPPL
Base,174.7630375667448,14.205021235236615
FineTuned,18.81419220889228,1.2108237390637795
Retomaton,10.37067911058225,1.658651031930757
